{
    "Speed": {
        "Value": 10.0,
        "MaxValue": 20.0,
        "PotentialRate": 0.00009999999747378752
    },
    "MoveSpeed": {
        "Value": 10.0,
        "MaxValue": 20.0,
        "PotentialRate": 0.00009999999747378752
    },
    "ActSpeed": {
        "Value": 10.0,
        "MaxValue": 20.0,
        "PotentialRate": 0.00009999999747378752
    },
    "Strength": {
        "Value": 10.0,
        "MaxValue": 20.0,
        "PotentialRate": 0.00009999999747378752
    },
    "Dexterity": {
        "Value": 10.0,
        "MaxValue": 20.0,
        "PotentialRate": 0.00009999999747378752
    },
    "Constitution": {
        "Value": 10.0,
        "MaxValue": 20.0,
        "PotentialRate": 0.00009999999747378752
    },
    "Metabolism": {
        "Value": 10.0,
        "MaxValue": 20.0,
        "PotentialRate": 0.00009999999747378752
    },
    "WillPower": {
        "Value": 10.0,
        "MaxValue": 20.0,
        "PotentialRate": 0.00009999999747378752
    },
    "Intelligence": {
        "Value": 10.0,
        "MaxValue": 20.0,
        "PotentialRate": 0.00009999999747378752
    },
    "Perception": {
        "Value": 10.0,
        "MaxValue": 20.0,
        "PotentialRate": 0.00009999999747378752
    },
    "MaxHunger": {
        "Value": 200.0,
        "MaxValue": 1000.0,
        "PotentialRate": 0.000009999999747378752
    },
    "Lifetime": 0,
    "BodyParts": [
        {
            "Name": "Head",
            "TextName": "头部",
            "CutPoint": {
                "MaxValue": 10.0
            },
            "HitPoint": {
                "MaxValue": 10.0
            },
            "Size": 10.0,
            "Weight": 10.0,
            "CutDefence": 10.0,
            "HitRatio": 0.8999999761581421,
            "PartPos": 1,
            "AttachBodyPart": "",
            "Health": 20.0,
            "Fetchable": false,
            "ComponentIndex": 1
        },
        {
            "Name": "Neck",
            "TextName": "颈部",
            "CutPoint": {
                "MaxValue": 10.0
            },
            "HitPoint": {
                "MaxValue": 10.0
            },
            "Size": 10.0,
            "Weight": 10.0,
            "CutDefence": 10.0,
            "HitRatio": 0.8999999761581421,
            "PartPos": 1,
            "AttachBodyPart": "",
            "Health": 20.0,
            "Fetchable": false,
            "ComponentIndex": 1
        },
        {
            "Name": "Chest",
            "TextName": "胸部",
            "CutPoint": {
                "MaxValue": 10.0
            },
            "HitPoint": {
                "MaxValue": 10.0
            },
            "Size": 10.0,
            "Weight": 10.0,
            "CutDefence": 10.0,
            "HitRatio": 0.8999999761581421,
            "PartPos": 2,
            "AttachBodyPart": "",
            "Health": 20.0,
            "Fetchable": false,
            "ComponentIndex": 1
        },
        {
            "Name": "Waist",
            "TextName": "腰部",
            "CutPoint": {
                "MaxValue": 10.0
            },
            "HitPoint": {
                "MaxValue": 10.0
            },
            "Size": 10.0,
            "Weight": 10.0,
            "CutDefence": 10.0,
            "HitRatio": 0.8999999761581421,
            "PartPos": 2,
            "AttachBodyPart": "",
            "Health": 20.0,
            "Fetchable": false,
            "ComponentIndex": 1
        },
        {
            "Name": "Crotch",
            "TextName": "胯部",
            "CutPoint": {
                "MaxValue": 10.0
            },
            "HitPoint": {
                "MaxValue": 10.0
            },
            "Size": 10.0,
            "Weight": 10.0,
            "CutDefence": 10.0,
            "HitRatio": 0.8999999761581421,
            "PartPos": 3,
            "AttachBodyPart": "",
            "Health": 20.0,
            "Fetchable": false,
            "ComponentIndex": 1
        },
        {
            "Name": "LeftArm",
            "TextName": "左臂",
            "CutPoint": {
                "MaxValue": 10.0
            },
            "HitPoint": {
                "MaxValue": 10.0
            },
            "Size": 10.0,
            "Weight": 10.0,
            "CutDefence": 10.0,
            "HitRatio": 0.8999999761581421,
            "PartPos": 2,
            "AttachBodyPart": "LeftHand",
            "Health": 20.0,
            "Fetchable": false,
            "ComponentIndex": 1
        },
        {
            "Name": "LeftHand",
            "TextName": "左手",
            "CutPoint": {
                "MaxValue": 10.0
            },
            "HitPoint": {
                "MaxValue": 10.0
            },
            "Size": 10.0,
            "Weight": 10.0,
            "CutDefence": 10.0,
            "HitRatio": 0.8999999761581421,
            "PartPos": 2,
            "AttachBodyPart": "",
            "Health": 20.0,
            "Fetchable": true,
            "ComponentIndex": 1
        },
        {
            "Name": "RightArm",
            "TextName": "右臂",
            "CutPoint": {
                "MaxValue": 10.0
            },
            "HitPoint": {
                "MaxValue": 10.0
            },
            "Size": 10.0,
            "Weight": 10.0,
            "CutDefence": 10.0,
            "HitRatio": 0.8999999761581421,
            "PartPos": 2,
            "AttachBodyPart": "RightHand",
            "Health": 20.0,
            "Fetchable": false,
            "ComponentIndex": 1
        },
        {
            "Name": "RightHand",
            "TextName": "右手",
            "CutPoint": {
                "MaxValue": 10.0
            },
            "HitPoint": {
                "MaxValue": 10.0
            },
            "Size": 10.0,
            "Weight": 10.0,
            "CutDefence": 10.0,
            "HitRatio": 0.8999999761581421,
            "PartPos": 2,
            "AttachBodyPart": "",
            "Health": 20.0,
            "Fetchable": true,
            "ComponentIndex": 1
        },
        {
            "Name": "LeftLeg",
            "TextName": "左腿",
            "CutPoint": {
                "MaxValue": 10.0
            },
            "HitPoint": {
                "MaxValue": 10.0
            },
            "Size": 10.0,
            "Weight": 10.0,
            "CutDefence": 10.0,
            "HitRatio": 0.8999999761581421,
            "PartPos": 3,
            "AttachBodyPart": "",
            "Health": 20.0,
            "Fetchable": false,
            "ComponentIndex": 1
        },
        {
            "Name": "LeftFoot",
            "TextName": "左足",
            "CutPoint": {
                "MaxValue": 10.0
            },
            "HitPoint": {
                "MaxValue": 10.0
            },
            "Size": 10.0,
            "Weight": 10.0,
            "CutDefence": 10.0,
            "HitRatio": 0.8999999761581421,
            "PartPos": 3,
            "AttachBodyPart": "",
            "Health": 20.0,
            "Fetchable": false,
            "ComponentIndex": 1
        },
        {
            "Name": "RightLeg",
            "TextName": "右腿",
            "CutPoint": {
                "MaxValue": 10.0
            },
            "HitPoint": {
                "MaxValue": 10.0
            },
            "Size": 10.0,
            "Weight": 10.0,
            "CutDefence": 10.0,
            "HitRatio": 0.8999999761581421,
            "PartPos": 3,
            "AttachBodyPart": "",
            "Health": 20.0,
            "Fetchable": false,
            "ComponentIndex": 1
        },
        {
            "Name": "RightFoot",
            "TextName": "右足",
            "CutPoint": {
                "MaxValue": 10.0
            },
            "HitPoint": {
                "MaxValue": 10.0
            },
            "Size": 10.0,
            "Weight": 10.0,
            "CutDefence": 10.0,
            "HitRatio": 0.8999999761581421,
            "PartPos": 3,
            "AttachBodyPart": "",
            "Health": 20.0,